driverId,name,ssn,location,certified,wage-plan
10,Edward Schwartz,162-33-1074,"721 Denise Walk Apt. 771
Ashleyfurt, ID 89779",Y,miles
11,Connie Soto,703-90-5604,"08186 Wesley Views
Port Shannon, CT 58264",Y,hours
12,Brenda Armstrong,864-29-6595,"31297 Wolf Lake Apt. 804
Brownburgh, MD 22712",Y,hours
13,Thomas Rodriguez,850-84-8294,"Unit 9003 Box 1666
DPO AA 09868",N,hours
14,Kathleen Lloyd,446-95-8196,"981 Rose Pike
New Lucasburgh, NV 47946",N,hours
15,Alison Obrien,039-78-7069,"309 Colleen Forks Suite 171
Port Meganshire, PR 27225",Y,hours
16,Sarah Ryan,516-70-5677,"11578 Hunter Street
Angelabury, KY 30201",Y,miles
17,Kevin Berry,187-17-5877,"6072 Michael Pass Apt. 935
Lake Kaylamouth, MA 21606",Y,miles
18,Robert Thomas,201-04-9682,"USCGC Manning
FPO AE 75672",N,hours
19,Robert Vega,322-76-7269,"USCGC Mooney
FPO AP 63650",N,miles
20,Daniel French,707-27-2324,"552 Diana Trail
Port Juan, GA 92202",N,miles
21,Tony Carter,790-09-6387,"394 Mathew Fords
Port David, WV 35458",N,miles
22,Charles Pacheco,775-34-1441,"704 John Roads
West John, IL 90778",Y,hours
23,Sabrina Davis,191-42-4042,"75851 Shane Unions
East Matthewtown, NC 60294",N,miles
24,William Donovan,789-27-0735,"PSC 5709, Box 8629
APO AE 03315",N,hours
25,Kenneth Huffman,710-94-2053,"9212 Johnson Forest
Weavermouth, RI 83633",N,hours
26,William Anderson,602-46-4494,"597 Andrea Rapid Suite 143
Mcclainbury, CO 09877",Y,hours
27,Jacob Vega,379-29-0733,"1492 Moreno Locks
Port Deborah, MD 84641",Y,hours
28,Vanessa Blanchard,444-76-8991,"801 Michael Prairie Suite 868
South Carol, AS 68554",N,hours
29,James Holt,148-46-6649,"25505 Jennifer Parkways
Carrolltown, OK 82688",N,hours
30,Natasha Fitzpatrick,435-05-8849,"06387 John Keys
North Alexandertown, KY 92395",Y,miles
31,Lisa Martinez,403-29-3307,"3435 Kyle Prairie
Gonzalezchester, NJ 04117",Y,hours
32,Anna Buchanan,151-57-3834,"362 Gregory Club
Stephaniebury, MS 93724",Y,hours
33,Ronald Curry,348-89-7741,"124 Kelly Road
South James, WI 87264",N,hours
34,Jennifer Johnson,141-59-2908,"298 Harris Skyway
Hinesfurt, IN 34371",N,miles
35,Adrian Moyer,274-60-7159,"PSC 9087, Box 2139
APO AP 41123",Y,hours
36,Raymond Robertson,742-29-3993,"41335 Gordon Creek Suite 678
New Chrisfort, MH 91793",N,miles
37,Eric Smith,703-16-3923,"304 John Pike Apt. 573
Brendanfort, VT 96071",N,miles
38,Nathan Gibson,652-53-6115,"45454 Amanda Harbors Apt. 711
West Adriana, NY 32297",N,hours
39,Alicia Miranda,699-21-8765,"268 Jennifer Fields
Roberthaven, FM 49425",N,hours
40,Henry Martin,797-17-8617,"84196 Brewer Forge Apt. 289
Maryberg, ME 73167",Y,miles
41,Michael Mcintyre,226-17-3127,"1813 Michelle Trafficway Suite 765
Troyshire, PW 45453",N,hours
42,Barbara Walker,489-65-3143,"098 Jason Port Apt. 207
New Christine, ND 86786",Y,miles
43,Patricia Lawson,246-49-1960,"029 Amanda Squares Apt. 877
North Catherinefurt, PW 98768",N,miles
44,Megan Joseph,149-17-8443,"USNS Davis
FPO AE 21781",Y,hours
45,Brenda Williams,622-93-4908,"907 Wyatt Viaduct
Thorntonbury, KY 81508",N,miles
46,Maria Bennett,229-25-5431,"8741 Thomas Junction Suite 274
Tinashire, NM 50661",Y,miles
47,April Obrien,220-80-0298,"32824 Lam Hill Suite 926
Port Angelabury, WI 00574",Y,hours
48,Miranda Sanchez,661-48-0397,"287 Sharon Manors
North Sharonview, ND 31260",N,hours
49,Jeremy Lawrence,449-89-0116,"2844 Christopher Ranch Apt. 123
Johnstonstad, VT 47897",Y,miles
50,Dana Rodriguez,828-32-7095,"30678 Jessica Divide
Lake James, AS 72026",N,hours
51,Steven Reynolds,591-56-6971,"USNV Day
FPO AE 88188",N,miles
52,Shannon Hood,646-65-8109,"34230 Tabitha Stravenue
Roachberg, AR 00513",N,hours
53,Leslie Silva,368-11-1727,"Unit 9260 Box 3603
DPO AE 48172",Y,miles
54,Megan Nelson,391-70-8820,"35155 Johnny River Apt. 812
Jasonstad, GU 52441",Y,hours
55,Rachel Vega,598-98-4584,"2105 Rivas Union
North Garrett, OH 50790",Y,hours
56,Jessica Davis,542-57-7219,"30508 Nicholas Stravenue
Port Elaineport, GA 10373",Y,miles
57,Tanner Contreras,136-83-4940,"3193 Thompson Curve
Lake Mary, NC 46461",N,miles
58,Brent Moore,545-90-4567,"45933 Foley Fall Apt. 235
New Jimmytown, PR 10260",N,hours
59,Mrs. Jennifer Martin,368-78-8058,"66671 Hernandez Station
Seanshire, AS 53304",N,miles
60,Brianna Orr,021-99-7504,"039 Mason Grove Suite 776
Tranfort, MO 44786",Y,hours
61,Catherine Cruz,787-98-3124,"05721 David Hill Apt. 136
East Jasmine, KS 20480",Y,miles
62,Emily Ayala,623-67-6593,"1474 Jessica Place Apt. 072
Kirbyview, IN 47119",N,hours
63,Amy Figueroa,146-54-9102,"595 Rodney Land
Jamesburgh, NM 64306",Y,miles
64,Jennifer Glover,682-48-1703,"PSC 1571, Box 3051
APO AE 63079",Y,hours
65,Gregory Holt,069-04-4359,"269 Morales Hollow Suite 269
Michelleton, OK 56278",N,miles
66,Cynthia Clark,311-42-0510,"026 Nathan Drive Apt. 091
New Mark, NH 56364",N,miles
67,David Petty,562-36-0460,"618 Mason Station
Derekfort, CO 78248",Y,miles
68,Mitchell Smith,880-86-9274,"1309 Conner Lakes Apt. 878
Kaylaside, OK 27718",Y,hours
69,Jason Taylor,836-74-3760,"805 Lauren Lodge
Lake David, IN 80507",N,miles
70,Joseph Matthews,856-77-2233,"072 Mary Cliffs
Rojasside, GU 56298",Y,hours
71,Sarah Allen,218-78-9206,"0908 Sara River
Lake Jessica, AS 13638",Y,hours
72,Jessica Bell,899-72-5845,"7508 Rollins Springs
New David, KY 43981",N,hours
73,Crystal Anderson,323-76-6534,"1551 Brown Well
East Daniel, VI 13071",Y,miles
74,Robert Burns,397-04-7550,"USS Frey
FPO AE 98990",N,miles
75,Mr. Victor Mooney,650-70-6505,"30568 Hughes Station
West Saraborough, NM 29491",N,hours
76,Justin Fields,131-12-6500,"680 Roach Neck Suite 997
Taylorside, FM 49622",Y,miles
77,Christy Mays,592-19-4425,"8702 Mark Route Suite 064
Ramoston, ME 55324",Y,miles
78,Shawn Dunlap,432-16-9576,"82419 Jillian Green Suite 867
Reyesshire, AR 80741",N,miles
79,Bethany Ray,377-55-7900,"855 Susan Ramp
Lake Susan, AS 67120",N,miles
80,Robin Smith,359-37-8727,"1387 Christine Neck
West Tiffany, MO 23279",Y,hours
81,Matthew Walker,721-23-2414,"54281 Sandoval Court
Lake Maryshire, PA 16896",Y,miles
82,David Lawrence,352-86-0884,"3837 Sheppard Club Apt. 239
Lake Bryanton, PW 04445",N,miles
83,April Baker,495-20-1135,"1226 Johnson Port Apt. 610
Donnachester, DE 16147",Y,miles
84,Dr. Donald Fitzgerald,586-32-9048,"Unit 0601 Box 6214
DPO AP 07253",N,miles
85,Ashley Wilson,010-08-3301,"95058 Gibson Court Apt. 297
Danamouth, AS 64071",N,hours
86,Lauren Morgan,441-52-0589,"635 Ingram Fields
New Kellystad, NE 29588",N,miles
87,Megan Richards,730-09-5218,"009 Jason Forest Suite 045
Kaitlynfort, WI 93228",Y,hours
88,Heidi Evans,477-73-0837,"USNV Welch
FPO AP 57858",Y,hours
89,Mr. Elijah Barron,020-54-2934,"91446 Fowler Unions Suite 794
Waremouth, WY 46278",Y,hours
90,Kenneth Washington,661-07-1995,"033 Roberto Squares
Rodneymouth, VI 70632",Y,hours
91,Eric Ramsey,422-78-2566,"7346 Timothy Lodge Apt. 165
Olsonland, CA 68255",N,hours
92,Timothy Bates,048-08-3105,"67731 Regina Mountains Apt. 810
Jonesbury, WI 55719",Y,miles
93,Patrick Flores,310-16-6059,"Unit 6334 Box 4343
DPO AP 48501",Y,hours
94,Mr. Kevin Terry,085-72-0455,"Unit 7189 Box 1802
DPO AA 91620",N,miles
95,Henry Jones,803-66-6620,"70182 Parker Corner Apt. 070
West Justinport, HI 83772",Y,miles
96,Jennifer Jackson,401-10-7340,"71547 Black Motorway
North Taylormouth, NY 16672",N,hours
97,Craig Obrien,629-23-5459,"979 Adams Course
North Stephaniemouth, FM 55445",N,hours
98,Jacqueline Young,406-28-9142,"USNS Johnson
FPO AP 69366",N,hours
99,Andrew Miller,847-10-1672,"Unit 1548 Box 1280
DPO AE 39578",Y,hours
100,Brandon Webb,365-87-0968,"6191 Karen Point Suite 188
South Jennifer, AS 56281",Y,hours
101,Chad Holden,269-96-8673,"707 Michelle Row Apt. 209
East Susanview, TX 45919",Y,hours
102,Kristina Cooley,662-31-6836,"2188 Luna Highway
East Kylie, CO 76612",N,miles
103,Cesar Landry,602-58-1991,"470 Moore Curve Apt. 816
Anthonymouth, VA 94855",N,hours
104,Michael Chambers,362-50-1166,"258 Deborah Mews Suite 251
Leonardshire, HI 22312",Y,hours
105,Emily Conner,557-13-4392,"91271 Michelle Lodge Apt. 057
Lake Johnberg, AR 08668",Y,hours
106,Lucas Hancock,146-13-0958,"0581 Kimberly Spring Apt. 803
North Sandraport, NM 51573",N,miles
107,Tiffany Ross,051-52-1161,"829 Craig Green Suite 487
Karenmouth, WY 89895",N,hours
108,Jonathan Davis,823-86-1743,"79948 Braun Wall Apt. 922
Christopherland, WA 57718",N,hours
109,Susan Knight,749-39-0685,"PSC 1608, Box 7961
APO AA 22913",N,miles
